BL,hidden_size,multimem_ctas,correctness,pytorch_dist_ar_us,multimem_ar_us,pytorch_dist_rs_us,multimem_rs_us,pytorch_dist_ag_us,multimem_ag_us
64,8192,2,True,34.272000193595886,17.472000792622566,27.55199931561947,17.216000705957413,26.91200003027916,12.864000163972378
128,8192,2,True,45.9199994802475,23.296000435948372,33.504001796245575,22.624000906944275,31.87200054526329,15.48799965530634
256,8192,2,True,59.7120001912117,35.10399907827377,49.18399825692177,34.07999873161316,42.847998440265656,21.183999255299568
512,8192,2,True,84.83199775218964,59.487998485565186,56.41600117087364,57.08799883723259,52.191998809576035,33.08799862861633
1024,8192,2,True,124.44800138473511,107.93600231409073,76.60800218582153,103.13600301742554,73.82400333881378,55.1999993622303
2048,8192,2,True,214.1759991645813,202.94399559497833,116.7680025100708,190.97599387168884,118.97599697113037,100.28800368309021
4096,8192,2,True,363.16800117492676,392.4480080604553,201.75999402999878,367.5520122051239,203.80799472332,189.79200720787048
8192,8192,2,True,694.6880221366882,770.9119915962219,379.68000769615173,718.8159823417664,377.75999307632446,371.8720078468323
16384,8192,2,True,1353.5679578781128,1528.3199548721313,720.4480171203613,1424.1280555725098,716.543972492218,732.9599857330322
32768,8192,2,True,2638.5600566864014,3044.640064239502,1397.887945175171,2838.8800621032715,1386.7839574813843,1453.8880586624146
64,8192,4,True,34.20799970626831,15.263999812304974,27.51999907195568,15.104000456631184,26.59199945628643,12.608000077307224
128,8192,4,True,45.69600149989128,19.45599913597107,33.215999603271484,18.144000321626663,31.55200183391571,15.519999898970127
256,8192,4,True,59.58399921655655,27.295999228954315,48.99200052022934,24.800000712275505,42.62400045990944,21.12000063061714
512,8192,4,True,84.86399799585342,43.296001851558685,56.15999922156334,37.76000067591667,52.12799832224846,32.6399989426136
1024,8192,4,True,124.03199821710587,75.45600086450577,76.25599950551987,63.77600133419037,73.85600358247757,55.16799911856651
2048,8192,4,True,216.22399985790253,138.2720023393631,117.0559972524643,113.92000317573547,118.84800344705582,100.47999769449234
4096,8192,4,True,362.91199922561646,264.6079957485199,201.50400698184967,213.72799575328827,203.80799472332,189.66400623321533
8192,8192,4,True,693.6960220336914,516.9600248336792,379.040002822876,412.1600091457367,376.2879967689514,371.16798758506775
16384,8192,4,True,1346.7520475387573,1017.632007598877,718.6560034751892,806.5919876098633,714.3039703369141,730.5920124053955
32768,8192,4,True,2639.4879817962646,2022.655963897705,1397.9840278625488,1593.34397315979,1385.983943939209,1449.0879774093628
64,8192,8,True,34.33600068092346,15.32800029963255,27.51999907195568,15.263999812304974,26.784000918269157,12.799999676644802
128,8192,8,True,45.60000076889992,19.360000267624855,33.08799862861633,17.823999747633934,31.775999814271927,15.39199985563755
256,8192,8,True,59.487998485565186,26.91200003027916,48.895999789237976,23.48800003528595,42.49599948525429,21.15200087428093
512,8192,8,True,85.24800091981888,42.59200021624565,56.063998490571976,35.26400029659271,52.15999856591225,32.48000144958496
1024,8192,8,True,124.1919994354248,73.34399968385696,76.60800218582153,59.167999774217606,74.27199929952621,55.16799911856651
2048,8192,8,True,216.12800657749176,135.55200397968292,116.60800129175186,106.33599758148193,118.75200271606445,100.44799745082855
4096,8192,8,True,363.74399065971375,259.2639923095703,201.34399831295013,200.57600736618042,203.5840004682541,189.66400623321533
8192,8192,8,True,692.7679777145386,504.92799282073975,379.2000114917755,389.0880048274994,377.85598635673523,369.9840009212494
16384,8192,8,True,1351.3920307159424,995.136022567749,720.79998254776,766.0800218582153,717.8559899330139,728.9599776268005
32768,8192,8,True,2639.807939529419,1964.735984802246,1399.00803565979,1505.8560371398926,1387.8719806671143,1446.6240406036377
64,8192,16,True,34.33600068092346,15.32800029963255,27.615999802947044,15.231999568641186,26.784000918269157,12.736000120639801
128,8192,16,True,45.951999723911285,19.392000511288643,33.440001308918,17.59999990463257,32.03200176358223,15.552000142633915
256,8192,16,True,60.095999389886856,28.255999088287354,49.27999898791313,23.423999547958374,43.10400038957596,21.215999498963356
512,8192,16,True,85.24800091981888,43.90399903059006,56.32000043988228,35.10399907827377,52.44800075888634,32.92800113558769
1024,8192,16,True,124.51200187206268,74.40000027418137,77.05599814653397,58.59199911355972,73.88799637556076,55.26399984955788
2048,8192,16,True,216.67200326919556,135.3919953107834,117.21599847078323,106.33599758148193,118.97599697113037,100.60799866914749
4096,8192,16,True,362.39999532699585,257.1200132369995,202.4639993906021,198.59200716018677,203.61599326133728,189.7280067205429
8192,8192,16,True,692.7040219306946,500.60802698135376,378.27199697494507,383.7440013885498,376.96000933647156,370.2720105648041
16384,8192,16,True,1347.040057182312,988.2240295410156,719.4880247116089,754.2080283164978,714.8159742355347,728.9280295372009
32768,8192,16,True,2638.400077819824,1958.143949508667,1398.2399702072144,1491.6479587554932,1385.6639862060547,1445.95205783844
64,8192,32,True,34.272000193595886,15.104000456631184,27.68000029027462,15.00799972563982,26.87999978661537,12.736000120639801
128,8192,32,True,45.56800052523613,19.519999623298645,33.08799862861633,17.535999417304993,31.74399957060814,15.519999898970127
256,8192,32,True,59.29600074887276,31.328000128269196,48.767998814582825,23.32800067961216,42.55999997258186,21.023999899625778
512,8192,32,True,84.95999872684479,47.87199944257736,56.063998490571976,34.912001341581345,52.191998809576035,32.76799991726875
1024,8192,32,True,124.41600114107132,78.33600044250488,76.60800218582153,58.30400064587593,73.91999661922455,55.32800033688545
2048,8192,32,True,213.1199985742569,140.09599387645721,116.73600226640701,104.51199859380722,118.97599697113037,100.70399940013885
4096,8192,32,True,363.20000886917114,261.50399446487427,202.04800367355347,197.7279931306839,203.64800095558167,189.66400623321533
8192,8192,32,True,695.9360241889954,505.9199929237366,379.58401441574097,381.8559944629669,377.1840035915375,369.79201436042786
16384,8192,32,True,1355.8080196380615,996.6400265693665,720.736026763916,749.343991279602,717.2799706459045,728.1919717788696
32768,8192,32,True,2638.400077819824,1967.4880504608154,1398.4960317611694,1485.4719638824463,1387.1999979019165,1445.1199769973755
